"","Source","Target"
"7","Sean","Blade Runner"
"8","Gilmour","Blade Runner"
"9","Ophelia","Blade Runner"
"10","Blake","Blade Runner"
"11","Blake","Boston Legal"
"13","Liam","Celestina"
"14","Ulysses","Celestina"
"15","Ulysses","Cherry 2000"
"19","Sylvain","Dummy"
"20","Evan","Dummy"
"22","Loosey Goosey","Ex-Machina"
"23","Evan","Ex-Machina"
"25","Benji","HBO Real Sex"
"26","Jonathan","HBO Real Sex"
"27","Ophelia","Her"
"28","Gilmour","Howard Stern"
"29","Desmond","Howard Stern"
"30","Gary","Howard Stern"
"32","Evan","LATRG"
"33","Ryan","LATRG"
"34","Owen","LATRG"
"35","Winona","LATRG"
"36","Sylvain","LATRG"
"37","Desmond","LATRG"
"38","Chuck","LATRG"
"39","Helen","LATRG"
"40","Loosey Goosey","LATRG"
"41","Gilmour","LATRG"
"42","Logan","LATRG"
"43","Sean","LATRG"
"47","Liam","Margo Party"
"48","Loosey Goosey","Margo Party"
"49","Anthony","Matrix"
"50","Auron","Matrix"
"51","Evan","Monique"
"65","Evan","Real Humans"
"67","Auron","Sandman"
"68","Evan","Schaum Schwestern"
"70","Owen","Serenity"
"72","Desmond","Star Trek"
"75","Anthony","Terminator / Skynet"
"76","Gary","Terminator / Skynet"
"77","Auron","Turd Flinging Monkey"
"78","Liam","Turd Flinging Monkey"
"79","Ryan","Turd Flinging Monkey"
"80","Ulysses","Turd Flinging Monkey"
"81","Logan","Ultimate Boyfriend"
"83","Sylvain","Whitney Cummings"
"84","Chuck","Whitney Cummings"
"85","Loosey Goosey","Whitney Cummings"
"87","Loosey Goosey","Yuri Tolcohcko"
"88","Liam","Yuri Tolochko"
