"","name","Label","Code"
"1","Moses","Moses","P"
"2","Jeff","Jeff","P"
"3","AS","AS","P"
"4","LS","LS","PD"
"5","Akasuki","Akasuki","PD"
"6","Alisha","Alisha","PD"
"7","Sylvain","Sylvain","P"
"8","Quicksilver","Quicksilver","P"
"9","Williow","Williow","PD"
"10","Oliver","Oliver","P"
"11","Zipporah","Zipporah","PD"
"12","Venus","Venus","P"
"13","Shelly","Shelly","P"
"14","Ronni","Ronni","PD"
"15","Penny","Penny","PD"
"16","Desmond","Desmond","P"
"17","Evan","Evan","P"
"18","DC","DC","PD"
"19","LD","LD","PD"
"20","Casanova","Casanova","P"
"21","Sean","Sean","P"
"22","Gracie","Gracie","PD"
"23","Pearl","Pearl","PD"
"24","Ophelia","Ophelia","P"
"25","Loosey Goosey","Loosey Goosey","P"
"26","Ms. S.","Ms. S.","PD"
